time_stats.attn_input_reshape.min,time_stats.attn_input_reshape.max,time_stats.attn_input_reshape.mean,time_stats.attn_input_reshape.median,time_stats.attn_input_reshape.std,time_stats.attn_kv_cache_save.min,time_stats.attn_kv_cache_save.max,time_stats.attn_kv_cache_save.mean,time_stats.attn_kv_cache_save.median,time_stats.attn_kv_cache_save.std,time_stats.attn_prefill.min,time_stats.attn_prefill.max,time_stats.attn_prefill.mean,time_stats.attn_prefill.median,time_stats.attn_prefill.std,time_stats.attn_decode.min,time_stats.attn_decode.max,time_stats.attn_decode.mean,time_stats.attn_decode.median,time_stats.attn_decode.std,time_stats.attn_output_reshape.min,time_stats.attn_output_reshape.max,time_stats.attn_output_reshape.mean,time_stats.attn_output_reshape.median,time_stats.attn_output_reshape.std,n_embd,n_q_head,n_kv_head,block_size,num_tensor_parallel_workers,max_model_len,batch_size,prefill_chunk_size,kv_cache_size,is_prefill,attention_backend
0.0,0.0,0.0,0.0,0.0,0.0,0.0,0.0,0.0,0.0,0.09953975677490234,0.09953975677490234,0.09953975677490234,0.09953975677490234,0.0,0.0,0.0,0.0,0.0,0.0,0.0,0.0,0.0,0.0,0.0,2048,32,8,16,1,4096,1,64,0,True,AttentionBackend.PYTORCH_NATIVE
0.0,0.0,0.0,0.0,0.0,0.0,0.0,0.0,0.0,0.0,0.10077953338623047,0.10077953338623047,0.10077953338623047,0.10077953338623047,0.0,0.0,0.0,0.0,0.0,0.0,0.0,0.0,0.0,0.0,0.0,2048,32,8,16,1,4096,1,128,0,True,AttentionBackend.PYTORCH_NATIVE
0.0,0.0,0.0,0.0,0.0,0.0,0.0,0.0,0.0,0.0,0.0982522964477539,0.0982522964477539,0.0982522964477539,0.0982522964477539,0.0,0.0,0.0,0.0,0.0,0.0,0.0,0.0,0.0,0.0,0.0,2048,32,8,16,1,4096,1,256,0,True,AttentionBackend.PYTORCH_NATIVE
0.0,0.0,0.0,0.0,0.0,0.0,0.0,0.0,0.0,0.0,0.2120494842529297,0.2120494842529297,0.2120494842529297,0.2120494842529297,0.0,0.0,0.0,0.0,0.0,0.0,0.0,0.0,0.0,0.0,0.0,2048,32,8,16,1,4096,1,512,0,True,AttentionBackend.PYTORCH_NATIVE
0.0,0.0,0.0,0.0,0.0,0.0,0.0,0.0,0.0,0.0,0.7812261581420898,0.7812261581420898,0.7812261581420898,0.7812261581420898,0.0,0.0,0.0,0.0,0.0,0.0,0.0,0.0,0.0,0.0,0.0,2048,32,8,16,1,4096,1,1024,0,True,AttentionBackend.PYTORCH_NATIVE
0.0,0.0,0.0,0.0,0.0,0.0,0.0,0.0,0.0,0.0,2.8247833251953125,2.8247833251953125,2.8247833251953125,2.8247833251953125,0.0,0.0,0.0,0.0,0.0,0.0,0.0,0.0,0.0,0.0,0.0,2048,32,8,16,1,4096,1,2048,0,True,AttentionBackend.PYTORCH_NATIVE
0.0,0.0,0.0,0.0,0.0,0.0,0.0,0.0,0.0,0.0,0.09775161743164062,0.09775161743164062,0.09775161743164062,0.09775161743164062,0.0,0.0,0.0,0.0,0.0,0.0,0.0,0.0,0.0,0.0,0.0,2048,32,8,16,1,4096,2,64,0,True,AttentionBackend.PYTORCH_NATIVE
0.0,0.0,0.0,0.0,0.0,0.0,0.0,0.0,0.0,0.0,0.09739398956298828,0.09739398956298828,0.09739398956298828,0.09739398956298828,0.0,0.0,0.0,0.0,0.0,0.0,0.0,0.0,0.0,0.0,0.0,2048,32,8,16,1,4096,2,128,0,True,AttentionBackend.PYTORCH_NATIVE
0.0,0.0,0.0,0.0,0.0,0.0,0.0,0.0,0.0,0.0,0.13036727905273438,0.13036727905273438,0.13036727905273438,0.13036727905273438,0.0,0.0,0.0,0.0,0.0,0.0,0.0,0.0,0.0,0.0,0.0,2048,32,8,16,1,4096,2,256,0,True,AttentionBackend.PYTORCH_NATIVE
0.0,0.0,0.0,0.0,0.0,0.0,0.0,0.0,0.0,0.0,0.4087686538696289,0.4087686538696289,0.4087686538696289,0.4087686538696289,0.0,0.0,0.0,0.0,0.0,0.0,0.0,0.0,0.0,0.0,0.0,2048,32,8,16,1,4096,2,512,0,True,AttentionBackend.PYTORCH_NATIVE
0.0,0.0,0.0,0.0,0.0,0.0,0.0,0.0,0.0,0.0,1.4890432357788086,1.4890432357788086,1.4890432357788086,1.4890432357788086,0.0,0.0,0.0,0.0,0.0,0.0,0.0,0.0,0.0,0.0,0.0,2048,32,8,16,1,4096,2,1024,0,True,AttentionBackend.PYTORCH_NATIVE
0.0,0.0,0.0,0.0,0.0,0.0,0.0,0.0,0.0,0.0,5.459427833557129,5.459427833557129,5.459427833557129,5.459427833557129,0.0,0.0,0.0,0.0,0.0,0.0,0.0,0.0,0.0,0.0,0.0,2048,32,8,16,1,4096,2,2048,0,True,AttentionBackend.PYTORCH_NATIVE
0.0,0.0,0.0,0.0,0.0,0.0,0.0,0.0,0.0,0.0,0.09698867797851562,0.09698867797851562,0.09698867797851562,0.09698867797851562,0.0,0.0,0.0,0.0,0.0,0.0,0.0,0.0,0.0,0.0,0.0,2048,32,8,16,1,4096,4,64,0,True,AttentionBackend.PYTORCH_NATIVE
0.0,0.0,0.0,0.0,0.0,0.0,0.0,0.0,0.0,0.0,0.09751319885253906,0.09751319885253906,0.09751319885253906,0.09751319885253906,0.0,0.0,0.0,0.0,0.0,0.0,0.0,0.0,0.0,0.0,0.0,2048,32,8,16,1,4096,4,128,0,True,AttentionBackend.PYTORCH_NATIVE
0.0,0.0,0.0,0.0,0.0,0.0,0.0,0.0,0.0,0.0,0.23233890533447266,0.23233890533447266,0.23233890533447266,0.23233890533447266,0.0,0.0,0.0,0.0,0.0,0.0,0.0,0.0,0.0,0.0,0.0,2048,32,8,16,1,4096,4,256,0,True,AttentionBackend.PYTORCH_NATIVE
0.0,0.0,0.0,0.0,0.0,0.0,0.0,0.0,0.0,0.0,0.7628440856933594,0.7628440856933594,0.7628440856933594,0.7628440856933594,0.0,0.0,0.0,0.0,0.0,0.0,0.0,0.0,0.0,0.0,0.0,2048,32,8,16,1,4096,4,512,0,True,AttentionBackend.PYTORCH_NATIVE
0.0,0.0,0.0,0.0,0.0,0.0,0.0,0.0,0.0,0.0,2.9706239700317383,2.9706239700317383,2.9706239700317383,2.9706239700317383,0.0,0.0,0.0,0.0,0.0,0.0,0.0,0.0,0.0,0.0,0.0,2048,32,8,16,1,4096,4,1024,0,True,AttentionBackend.PYTORCH_NATIVE
0.0,0.0,0.0,0.0,0.0,0.0,0.0,0.0,0.0,0.0,10.366582870483398,10.366582870483398,10.366582870483398,10.366582870483398,0.0,0.0,0.0,0.0,0.0,0.0,0.0,0.0,0.0,0.0,0.0,2048,32,8,16,1,4096,4,2048,0,True,AttentionBackend.PYTORCH_NATIVE
0.0,0.0,0.0,0.0,0.0,0.0,0.0,0.0,0.0,0.0,0.09701251983642578,0.09701251983642578,0.09701251983642578,0.09701251983642578,0.0,0.0,0.0,0.0,0.0,0.0,0.0,0.0,0.0,0.0,0.0,2048,32,8,16,1,4096,8,64,0,True,AttentionBackend.PYTORCH_NATIVE
0.0,0.0,0.0,0.0,0.0,0.0,0.0,0.0,0.0,0.0,0.1499176025390625,0.1499176025390625,0.1499176025390625,0.1499176025390625,0.0,0.0,0.0,0.0,0.0,0.0,0.0,0.0,0.0,0.0,0.0,2048,32,8,16,1,4096,8,128,0,True,AttentionBackend.PYTORCH_NATIVE
0.0,0.0,0.0,0.0,0.0,0.0,0.0,0.0,0.0,0.0,0.41136741638183594,0.41136741638183594,0.41136741638183594,0.41136741638183594,0.0,0.0,0.0,0.0,0.0,0.0,0.0,0.0,0.0,0.0,0.0,2048,32,8,16,1,4096,8,256,0,True,AttentionBackend.PYTORCH_NATIVE
0.0,0.0,0.0,0.0,0.0,0.0,0.0,0.0,0.0,0.0,1.4542102813720703,1.4542102813720703,1.4542102813720703,1.4542102813720703,0.0,0.0,0.0,0.0,0.0,0.0,0.0,0.0,0.0,0.0,0.0,2048,32,8,16,1,4096,8,512,0,True,AttentionBackend.PYTORCH_NATIVE
0.0,0.0,0.0,0.0,0.0,0.0,0.0,0.0,0.0,0.0,5.81812858581543,5.81812858581543,5.81812858581543,5.81812858581543,0.0,0.0,0.0,0.0,0.0,0.0,0.0,0.0,0.0,0.0,0.0,2048,32,8,16,1,4096,8,1024,0,True,AttentionBackend.PYTORCH_NATIVE
0.0,0.0,0.0,0.0,0.0,0.0,0.0,0.0,0.0,0.0,20.967578887939453,20.967578887939453,20.967578887939453,20.967578887939453,0.0,0.0,0.0,0.0,0.0,0.0,0.0,0.0,0.0,0.0,0.0,2048,32,8,16,1,4096,8,2048,0,True,AttentionBackend.PYTORCH_NATIVE
0.0,0.0,0.0,0.0,0.0,0.0,0.0,0.0,0.0,0.0,0.10411739349365234,0.10411739349365234,0.10411739349365234,0.10411739349365234,0.0,0.0,0.0,0.0,0.0,0.0,0.0,0.0,0.0,0.0,0.0,2048,32,8,16,1,4096,16,64,0,True,AttentionBackend.PYTORCH_NATIVE
0.0,0.0,0.0,0.0,0.0,0.0,0.0,0.0,0.0,0.0,0.26242733001708984,0.26242733001708984,0.26242733001708984,0.26242733001708984,0.0,0.0,0.0,0.0,0.0,0.0,0.0,0.0,0.0,0.0,0.0,2048,32,8,16,1,4096,16,128,0,True,AttentionBackend.PYTORCH_NATIVE
0.0,0.0,0.0,0.0,0.0,0.0,0.0,0.0,0.0,0.0,0.7782220840454102,0.7782220840454102,0.7782220840454102,0.7782220840454102,0.0,0.0,0.0,0.0,0.0,0.0,0.0,0.0,0.0,0.0,0.0,2048,32,8,16,1,4096,16,256,0,True,AttentionBackend.PYTORCH_NATIVE
0.0,0.0,0.0,0.0,0.0,0.0,0.0,0.0,0.0,0.0,2.8243303298950195,2.8243303298950195,2.8243303298950195,2.8243303298950195,0.0,0.0,0.0,0.0,0.0,0.0,0.0,0.0,0.0,0.0,0.0,2048,32,8,16,1,4096,16,512,0,True,AttentionBackend.PYTORCH_NATIVE
0.0,0.0,0.0,0.0,0.0,0.0,0.0,0.0,0.0,0.0,11.480450630187988,11.480450630187988,11.480450630187988,11.480450630187988,0.0,0.0,0.0,0.0,0.0,0.0,0.0,0.0,0.0,0.0,0.0,2048,32,8,16,1,4096,16,1024,0,True,AttentionBackend.PYTORCH_NATIVE
0.0,0.0,0.0,0.0,0.0,0.0,0.0,0.0,0.0,0.0,42.143845558166504,42.143845558166504,42.143845558166504,42.143845558166504,0.0,0.0,0.0,0.0,0.0,0.0,0.0,0.0,0.0,0.0,0.0,2048,32,8,16,1,4096,16,2048,0,True,AttentionBackend.PYTORCH_NATIVE
0.0,0.0,0.0,0.0,0.0,0.0,0.0,0.0,0.0,0.0,0.18591880798339844,0.18591880798339844,0.18591880798339844,0.18591880798339844,0.0,0.0,0.0,0.0,0.0,0.0,0.0,0.0,0.0,0.0,0.0,2048,32,8,16,1,4096,32,64,0,True,AttentionBackend.PYTORCH_NATIVE
0.0,0.0,0.0,0.0,0.0,0.0,0.0,0.0,0.0,0.0,0.4845142364501953,0.4845142364501953,0.4845142364501953,0.4845142364501953,0.0,0.0,0.0,0.0,0.0,0.0,0.0,0.0,0.0,0.0,0.0,2048,32,8,16,1,4096,32,128,0,True,AttentionBackend.PYTORCH_NATIVE
0.0,0.0,0.0,0.0,0.0,0.0,0.0,0.0,0.0,0.0,1.5096187591552734,1.5096187591552734,1.5096187591552734,1.5096187591552734,0.0,0.0,0.0,0.0,0.0,0.0,0.0,0.0,0.0,0.0,0.0,2048,32,8,16,1,4096,32,256,0,True,AttentionBackend.PYTORCH_NATIVE
0.0,0.0,0.0,0.0,0.0,0.0,0.0,0.0,0.0,0.0,5.591249465942383,5.591249465942383,5.591249465942383,5.591249465942383,0.0,0.0,0.0,0.0,0.0,0.0,0.0,0.0,0.0,0.0,0.0,2048,32,8,16,1,4096,32,512,0,True,AttentionBackend.PYTORCH_NATIVE
0.0,0.0,0.0,0.0,0.0,0.0,0.0,0.0,0.0,0.0,23.227453231811523,23.227453231811523,23.227453231811523,23.227453231811523,0.0,0.0,0.0,0.0,0.0,0.0,0.0,0.0,0.0,0.0,0.0,2048,32,8,16,1,4096,32,1024,0,True,AttentionBackend.PYTORCH_NATIVE
0.0,0.0,0.0,0.0,0.0,0.0,0.0,0.0,0.0,0.0,84.03475284576416,84.03475284576416,84.03475284576416,84.03475284576416,0.0,0.0,0.0,0.0,0.0,0.0,0.0,0.0,0.0,0.0,0.0,2048,32,8,16,1,4096,32,2048,0,True,AttentionBackend.PYTORCH_NATIVE
0.0,0.0,0.0,0.0,0.0,0.0,0.0,0.0,0.0,0.0,0.3408193588256836,0.3408193588256836,0.3408193588256836,0.3408193588256836,0.0,0.0,0.0,0.0,0.0,0.0,0.0,0.0,0.0,0.0,0.0,2048,32,8,16,1,4096,64,64,0,True,AttentionBackend.PYTORCH_NATIVE
0.0,0.0,0.0,0.0,0.0,0.0,0.0,0.0,0.0,0.0,0.93841552734375,0.93841552734375,0.93841552734375,0.93841552734375,0.0,0.0,0.0,0.0,0.0,0.0,0.0,0.0,0.0,0.0,0.0,2048,32,8,16,1,4096,64,128,0,True,AttentionBackend.PYTORCH_NATIVE
0.0,0.0,0.0,0.0,0.0,0.0,0.0,0.0,0.0,0.0,3.0012130737304688,3.0012130737304688,3.0012130737304688,3.0012130737304688,0.0,0.0,0.0,0.0,0.0,0.0,0.0,0.0,0.0,0.0,0.0,2048,32,8,16,1,4096,64,256,0,True,AttentionBackend.PYTORCH_NATIVE
0.0,0.0,0.0,0.0,0.0,0.0,0.0,0.0,0.0,0.0,11.199760437011719,11.199760437011719,11.199760437011719,11.199760437011719,0.0,0.0,0.0,0.0,0.0,0.0,0.0,0.0,0.0,0.0,0.0,2048,32,8,16,1,4096,64,512,0,True,AttentionBackend.PYTORCH_NATIVE
0.0,0.0,0.0,0.0,0.0,0.0,0.0,0.0,0.0,0.0,46.494102478027344,46.494102478027344,46.494102478027344,46.494102478027344,0.0,0.0,0.0,0.0,0.0,0.0,0.0,0.0,0.0,0.0,0.0,2048,32,8,16,1,4096,64,1024,0,True,AttentionBackend.PYTORCH_NATIVE
0.0,0.0,0.0,0.0,0.0,0.0,0.0,0.0,0.0,0.0,0.649261474609375,0.649261474609375,0.649261474609375,0.649261474609375,0.0,0.0,0.0,0.0,0.0,0.0,0.0,0.0,0.0,0.0,0.0,2048,32,8,16,1,4096,128,64,0,True,AttentionBackend.PYTORCH_NATIVE
0.0,0.0,0.0,0.0,0.0,0.0,0.0,0.0,0.0,0.0,1.8344879150390625,1.8344879150390625,1.8344879150390625,1.8344879150390625,0.0,0.0,0.0,0.0,0.0,0.0,0.0,0.0,0.0,0.0,0.0,2048,32,8,16,1,4096,128,128,0,True,AttentionBackend.PYTORCH_NATIVE
0.0,0.0,0.0,0.0,0.0,0.0,0.0,0.0,0.0,0.0,5.900931358337402,5.900931358337402,5.900931358337402,5.900931358337402,0.0,0.0,0.0,0.0,0.0,0.0,0.0,0.0,0.0,0.0,0.0,2048,32,8,16,1,4096,128,256,0,True,AttentionBackend.PYTORCH_NATIVE
0.0,0.0,0.0,0.0,0.0,0.0,0.0,0.0,0.0,0.0,22.42574691772461,22.42574691772461,22.42574691772461,22.42574691772461,0.0,0.0,0.0,0.0,0.0,0.0,0.0,0.0,0.0,0.0,0.0,2048,32,8,16,1,4096,128,512,0,True,AttentionBackend.PYTORCH_NATIVE
0.0,0.0,0.0,0.0,0.0,0.0,0.0,0.0,0.0,0.0,92.18003749847412,92.18003749847412,92.18003749847412,92.18003749847412,0.0,0.0,0.0,0.0,0.0,0.0,0.0,0.0,0.0,0.0,0.0,2048,32,8,16,1,4096,128,1024,0,True,AttentionBackend.PYTORCH_NATIVE
0.0,0.0,0.0,0.0,0.0,0.0,0.0,0.0,0.0,0.0,0.0,0.0,0.0,0.0,0.0,0.09853839874267578,0.09853839874267578,0.09853839874267578,0.09853839874267578,0.0,0.0,0.0,0.0,0.0,0.0,2048,32,8,16,1,4096,1,0,64,False,AttentionBackend.PYTORCH_NATIVE
0.0,0.0,0.0,0.0,0.0,0.0,0.0,0.0,0.0,0.0,0.0,0.0,0.0,0.0,0.0,0.09908676147460938,0.09908676147460938,0.09908676147460938,0.09908676147460938,0.0,0.0,0.0,0.0,0.0,0.0,2048,32,8,16,1,4096,1,0,128,False,AttentionBackend.PYTORCH_NATIVE
0.0,0.0,0.0,0.0,0.0,0.0,0.0,0.0,0.0,0.0,0.0,0.0,0.0,0.0,0.0,0.09722709655761719,0.09722709655761719,0.09722709655761719,0.09722709655761719,0.0,0.0,0.0,0.0,0.0,0.0,2048,32,8,16,1,4096,1,0,256,False,AttentionBackend.PYTORCH_NATIVE
0.0,0.0,0.0,0.0,0.0,0.0,0.0,0.0,0.0,0.0,0.0,0.0,0.0,0.0,0.0,0.10018348693847656,0.10018348693847656,0.10018348693847656,0.10018348693847656,0.0,0.0,0.0,0.0,0.0,0.0,2048,32,8,16,1,4096,1,0,512,False,AttentionBackend.PYTORCH_NATIVE
0.0,0.0,0.0,0.0,0.0,0.0,0.0,0.0,0.0,0.0,0.0,0.0,0.0,0.0,0.0,0.09996891021728516,0.09996891021728516,0.09996891021728516,0.09996891021728516,0.0,0.0,0.0,0.0,0.0,0.0,2048,32,8,16,1,4096,1,0,1024,False,AttentionBackend.PYTORCH_NATIVE
0.0,0.0,0.0,0.0,0.0,0.0,0.0,0.0,0.0,0.0,0.0,0.0,0.0,0.0,0.0,0.10578632354736328,0.10578632354736328,0.10578632354736328,0.10578632354736328,0.0,0.0,0.0,0.0,0.0,0.0,2048,32,8,16,1,4096,1,0,2048,False,AttentionBackend.PYTORCH_NATIVE
0.0,0.0,0.0,0.0,0.0,0.0,0.0,0.0,0.0,0.0,0.0,0.0,0.0,0.0,0.0,0.16846656799316406,0.16846656799316406,0.16846656799316406,0.16846656799316406,0.0,0.0,0.0,0.0,0.0,0.0,2048,32,8,16,1,4096,1,0,4096,False,AttentionBackend.PYTORCH_NATIVE
0.0,0.0,0.0,0.0,0.0,0.0,0.0,0.0,0.0,0.0,0.0,0.0,0.0,0.0,0.0,0.09605884552001953,0.09605884552001953,0.09605884552001953,0.09605884552001953,0.0,0.0,0.0,0.0,0.0,0.0,2048,32,8,16,1,4096,2,0,64,False,AttentionBackend.PYTORCH_NATIVE
0.0,0.0,0.0,0.0,0.0,0.0,0.0,0.0,0.0,0.0,0.0,0.0,0.0,0.0,0.0,0.0966787338256836,0.0966787338256836,0.0966787338256836,0.0966787338256836,0.0,0.0,0.0,0.0,0.0,0.0,2048,32,8,16,1,4096,2,0,128,False,AttentionBackend.PYTORCH_NATIVE
0.0,0.0,0.0,0.0,0.0,0.0,0.0,0.0,0.0,0.0,0.0,0.0,0.0,0.0,0.0,0.09582042694091797,0.09582042694091797,0.09582042694091797,0.09582042694091797,0.0,0.0,0.0,0.0,0.0,0.0,2048,32,8,16,1,4096,2,0,256,False,AttentionBackend.PYTORCH_NATIVE
0.0,0.0,0.0,0.0,0.0,0.0,0.0,0.0,0.0,0.0,0.0,0.0,0.0,0.0,0.0,0.10530948638916016,0.10530948638916016,0.10530948638916016,0.10530948638916016,0.0,0.0,0.0,0.0,0.0,0.0,2048,32,8,16,1,4096,2,0,512,False,AttentionBackend.PYTORCH_NATIVE
0.0,0.0,0.0,0.0,0.0,0.0,0.0,0.0,0.0,0.0,0.0,0.0,0.0,0.0,0.0,0.10209083557128906,0.10209083557128906,0.10209083557128906,0.10209083557128906,0.0,0.0,0.0,0.0,0.0,0.0,2048,32,8,16,1,4096,2,0,1024,False,AttentionBackend.PYTORCH_NATIVE
0.0,0.0,0.0,0.0,0.0,0.0,0.0,0.0,0.0,0.0,0.0,0.0,0.0,0.0,0.0,0.16565322875976562,0.16565322875976562,0.16565322875976562,0.16565322875976562,0.0,0.0,0.0,0.0,0.0,0.0,2048,32,8,16,1,4096,2,0,2048,False,AttentionBackend.PYTORCH_NATIVE
0.0,0.0,0.0,0.0,0.0,0.0,0.0,0.0,0.0,0.0,0.0,0.0,0.0,0.0,0.0,0.30639171600341797,0.30639171600341797,0.30639171600341797,0.30639171600341797,0.0,0.0,0.0,0.0,0.0,0.0,2048,32,8,16,1,4096,2,0,4096,False,AttentionBackend.PYTORCH_NATIVE
0.0,0.0,0.0,0.0,0.0,0.0,0.0,0.0,0.0,0.0,0.0,0.0,0.0,0.0,0.0,0.09551048278808594,0.09551048278808594,0.09551048278808594,0.09551048278808594,0.0,0.0,0.0,0.0,0.0,0.0,2048,32,8,16,1,4096,4,0,64,False,AttentionBackend.PYTORCH_NATIVE
0.0,0.0,0.0,0.0,0.0,0.0,0.0,0.0,0.0,0.0,0.0,0.0,0.0,0.0,0.0,0.09984970092773438,0.09984970092773438,0.09984970092773438,0.09984970092773438,0.0,0.0,0.0,0.0,0.0,0.0,2048,32,8,16,1,4096,4,0,128,False,AttentionBackend.PYTORCH_NATIVE
0.0,0.0,0.0,0.0,0.0,0.0,0.0,0.0,0.0,0.0,0.0,0.0,0.0,0.0,0.0,0.09617805480957031,0.09617805480957031,0.09617805480957031,0.09617805480957031,0.0,0.0,0.0,0.0,0.0,0.0,2048,32,8,16,1,4096,4,0,256,False,AttentionBackend.PYTORCH_NATIVE
0.0,0.0,0.0,0.0,0.0,0.0,0.0,0.0,0.0,0.0,0.0,0.0,0.0,0.0,0.0,0.10516643524169922,0.10516643524169922,0.10516643524169922,0.10516643524169922,0.0,0.0,0.0,0.0,0.0,0.0,2048,32,8,16,1,4096,4,0,512,False,AttentionBackend.PYTORCH_NATIVE
0.0,0.0,0.0,0.0,0.0,0.0,0.0,0.0,0.0,0.0,0.0,0.0,0.0,0.0,0.0,0.1700878143310547,0.1700878143310547,0.1700878143310547,0.1700878143310547,0.0,0.0,0.0,0.0,0.0,0.0,2048,32,8,16,1,4096,4,0,1024,False,AttentionBackend.PYTORCH_NATIVE
0.0,0.0,0.0,0.0,0.0,0.0,0.0,0.0,0.0,0.0,0.0,0.0,0.0,0.0,0.0,0.301361083984375,0.301361083984375,0.301361083984375,0.301361083984375,0.0,0.0,0.0,0.0,0.0,0.0,2048,32,8,16,1,4096,4,0,2048,False,AttentionBackend.PYTORCH_NATIVE
0.0,0.0,0.0,0.0,0.0,0.0,0.0,0.0,0.0,0.0,0.0,0.0,0.0,0.0,0.0,0.5712747573852539,0.5712747573852539,0.5712747573852539,0.5712747573852539,0.0,0.0,0.0,0.0,0.0,0.0,2048,32,8,16,1,4096,4,0,4096,False,AttentionBackend.PYTORCH_NATIVE
0.0,0.0,0.0,0.0,0.0,0.0,0.0,0.0,0.0,0.0,0.0,0.0,0.0,0.0,0.0,0.09579658508300781,0.09579658508300781,0.09579658508300781,0.09579658508300781,0.0,0.0,0.0,0.0,0.0,0.0,2048,32,8,16,1,4096,8,0,64,False,AttentionBackend.PYTORCH_NATIVE
0.0,0.0,0.0,0.0,0.0,0.0,0.0,0.0,0.0,0.0,0.0,0.0,0.0,0.0,0.0,0.09610652923583984,0.09610652923583984,0.09610652923583984,0.09610652923583984,0.0,0.0,0.0,0.0,0.0,0.0,2048,32,8,16,1,4096,8,0,128,False,AttentionBackend.PYTORCH_NATIVE
0.0,0.0,0.0,0.0,0.0,0.0,0.0,0.0,0.0,0.0,0.0,0.0,0.0,0.0,0.0,0.09691715240478516,0.09691715240478516,0.09691715240478516,0.09691715240478516,0.0,0.0,0.0,0.0,0.0,0.0,2048,32,8,16,1,4096,8,0,256,False,AttentionBackend.PYTORCH_NATIVE
0.0,0.0,0.0,0.0,0.0,0.0,0.0,0.0,0.0,0.0,0.0,0.0,0.0,0.0,0.0,0.16834735870361328,0.16834735870361328,0.16834735870361328,0.16834735870361328,0.0,0.0,0.0,0.0,0.0,0.0,2048,32,8,16,1,4096,8,0,512,False,AttentionBackend.PYTORCH_NATIVE
0.0,0.0,0.0,0.0,0.0,0.0,0.0,0.0,0.0,0.0,0.0,0.0,0.0,0.0,0.0,0.3064393997192383,0.3064393997192383,0.3064393997192383,0.3064393997192383,0.0,0.0,0.0,0.0,0.0,0.0,2048,32,8,16,1,4096,8,0,1024,False,AttentionBackend.PYTORCH_NATIVE
0.0,0.0,0.0,0.0,0.0,0.0,0.0,0.0,0.0,0.0,0.0,0.0,0.0,0.0,0.0,0.5588054656982422,0.5588054656982422,0.5588054656982422,0.5588054656982422,0.0,0.0,0.0,0.0,0.0,0.0,2048,32,8,16,1,4096,8,0,2048,False,AttentionBackend.PYTORCH_NATIVE
0.0,0.0,0.0,0.0,0.0,0.0,0.0,0.0,0.0,0.0,0.0,0.0,0.0,0.0,0.0,1.0972261428833008,1.0972261428833008,1.0972261428833008,1.0972261428833008,0.0,0.0,0.0,0.0,0.0,0.0,2048,32,8,16,1,4096,8,0,4096,False,AttentionBackend.PYTORCH_NATIVE
0.0,0.0,0.0,0.0,0.0,0.0,0.0,0.0,0.0,0.0,0.0,0.0,0.0,0.0,0.0,0.0970602035522461,0.0970602035522461,0.0970602035522461,0.0970602035522461,0.0,0.0,0.0,0.0,0.0,0.0,2048,32,8,16,1,4096,16,0,64,False,AttentionBackend.PYTORCH_NATIVE
0.0,0.0,0.0,0.0,0.0,0.0,0.0,0.0,0.0,0.0,0.0,0.0,0.0,0.0,0.0,0.09696483612060547,0.09696483612060547,0.09696483612060547,0.09696483612060547,0.0,0.0,0.0,0.0,0.0,0.0,2048,32,8,16,1,4096,16,0,128,False,AttentionBackend.PYTORCH_NATIVE
0.0,0.0,0.0,0.0,0.0,0.0,0.0,0.0,0.0,0.0,0.0,0.0,0.0,0.0,0.0,0.16527175903320312,0.16527175903320312,0.16527175903320312,0.16527175903320312,0.0,0.0,0.0,0.0,0.0,0.0,2048,32,8,16,1,4096,16,0,256,False,AttentionBackend.PYTORCH_NATIVE
0.0,0.0,0.0,0.0,0.0,0.0,0.0,0.0,0.0,0.0,0.0,0.0,0.0,0.0,0.0,0.3017902374267578,0.3017902374267578,0.3017902374267578,0.3017902374267578,0.0,0.0,0.0,0.0,0.0,0.0,2048,32,8,16,1,4096,16,0,512,False,AttentionBackend.PYTORCH_NATIVE
0.0,0.0,0.0,0.0,0.0,0.0,0.0,0.0,0.0,0.0,0.0,0.0,0.0,0.0,0.0,0.5691766738891602,0.5691766738891602,0.5691766738891602,0.5691766738891602,0.0,0.0,0.0,0.0,0.0,0.0,2048,32,8,16,1,4096,16,0,1024,False,AttentionBackend.PYTORCH_NATIVE
0.0,0.0,0.0,0.0,0.0,0.0,0.0,0.0,0.0,0.0,0.0,0.0,0.0,0.0,0.0,1.0708808898925781,1.0708808898925781,1.0708808898925781,1.0708808898925781,0.0,0.0,0.0,0.0,0.0,0.0,2048,32,8,16,1,4096,16,0,2048,False,AttentionBackend.PYTORCH_NATIVE
0.0,0.0,0.0,0.0,0.0,0.0,0.0,0.0,0.0,0.0,0.0,0.0,0.0,0.0,0.0,2.144789695739746,2.144789695739746,2.144789695739746,2.144789695739746,0.0,0.0,0.0,0.0,0.0,0.0,2048,32,8,16,1,4096,16,0,4096,False,AttentionBackend.PYTORCH_NATIVE
0.0,0.0,0.0,0.0,0.0,0.0,0.0,0.0,0.0,0.0,0.0,0.0,0.0,0.0,0.0,0.0967264175415039,0.0967264175415039,0.0967264175415039,0.0967264175415039,0.0,0.0,0.0,0.0,0.0,0.0,2048,32,8,16,1,4096,32,0,64,False,AttentionBackend.PYTORCH_NATIVE
0.0,0.0,0.0,0.0,0.0,0.0,0.0,0.0,0.0,0.0,0.0,0.0,0.0,0.0,0.0,0.1657247543334961,0.1657247543334961,0.1657247543334961,0.1657247543334961,0.0,0.0,0.0,0.0,0.0,0.0,2048,32,8,16,1,4096,32,0,128,False,AttentionBackend.PYTORCH_NATIVE
0.0,0.0,0.0,0.0,0.0,0.0,0.0,0.0,0.0,0.0,0.0,0.0,0.0,0.0,0.0,0.31049251556396484,0.31049251556396484,0.31049251556396484,0.31049251556396484,0.0,0.0,0.0,0.0,0.0,0.0,2048,32,8,16,1,4096,32,0,256,False,AttentionBackend.PYTORCH_NATIVE
0.0,0.0,0.0,0.0,0.0,0.0,0.0,0.0,0.0,0.0,0.0,0.0,0.0,0.0,0.0,0.5672454833984375,0.5672454833984375,0.5672454833984375,0.5672454833984375,0.0,0.0,0.0,0.0,0.0,0.0,2048,32,8,16,1,4096,32,0,512,False,AttentionBackend.PYTORCH_NATIVE
0.0,0.0,0.0,0.0,0.0,0.0,0.0,0.0,0.0,0.0,0.0,0.0,0.0,0.0,0.0,1.092362403869629,1.092362403869629,1.092362403869629,1.092362403869629,0.0,0.0,0.0,0.0,0.0,0.0,2048,32,8,16,1,4096,32,0,1024,False,AttentionBackend.PYTORCH_NATIVE
0.0,0.0,0.0,0.0,0.0,0.0,0.0,0.0,0.0,0.0,0.0,0.0,0.0,0.0,0.0,2.100515365600586,2.100515365600586,2.100515365600586,2.100515365600586,0.0,0.0,0.0,0.0,0.0,0.0,2048,32,8,16,1,4096,32,0,2048,False,AttentionBackend.PYTORCH_NATIVE
0.0,0.0,0.0,0.0,0.0,0.0,0.0,0.0,0.0,0.0,0.0,0.0,0.0,0.0,0.0,4.251646995544434,4.251646995544434,4.251646995544434,4.251646995544434,0.0,0.0,0.0,0.0,0.0,0.0,2048,32,8,16,1,4096,32,0,4096,False,AttentionBackend.PYTORCH_NATIVE
0.0,0.0,0.0,0.0,0.0,0.0,0.0,0.0,0.0,0.0,0.0,0.0,0.0,0.0,0.0,0.16345977783203125,0.16345977783203125,0.16345977783203125,0.16345977783203125,0.0,0.0,0.0,0.0,0.0,0.0,2048,32,8,16,1,4096,64,0,64,False,AttentionBackend.PYTORCH_NATIVE
0.0,0.0,0.0,0.0,0.0,0.0,0.0,0.0,0.0,0.0,0.0,0.0,0.0,0.0,0.0,0.31235218048095703,0.31235218048095703,0.31235218048095703,0.31235218048095703,0.0,0.0,0.0,0.0,0.0,0.0,2048,32,8,16,1,4096,64,0,128,False,AttentionBackend.PYTORCH_NATIVE
0.0,0.0,0.0,0.0,0.0,0.0,0.0,0.0,0.0,0.0,0.0,0.0,0.0,0.0,0.0,0.5992889404296875,0.5992889404296875,0.5992889404296875,0.5992889404296875,0.0,0.0,0.0,0.0,0.0,0.0,2048,32,8,16,1,4096,64,0,256,False,AttentionBackend.PYTORCH_NATIVE
0.0,0.0,0.0,0.0,0.0,0.0,0.0,0.0,0.0,0.0,0.0,0.0,0.0,0.0,0.0,1.0988950729370117,1.0988950729370117,1.0988950729370117,1.0988950729370117,0.0,0.0,0.0,0.0,0.0,0.0,2048,32,8,16,1,4096,64,0,512,False,AttentionBackend.PYTORCH_NATIVE
0.0,0.0,0.0,0.0,0.0,0.0,0.0,0.0,0.0,0.0,0.0,0.0,0.0,0.0,0.0,2.1433591842651367,2.1433591842651367,2.1433591842651367,2.1433591842651367,0.0,0.0,0.0,0.0,0.0,0.0,2048,32,8,16,1,4096,64,0,1024,False,AttentionBackend.PYTORCH_NATIVE
0.0,0.0,0.0,0.0,0.0,0.0,0.0,0.0,0.0,0.0,0.0,0.0,0.0,0.0,0.0,4.172229766845703,4.172229766845703,4.172229766845703,4.172229766845703,0.0,0.0,0.0,0.0,0.0,0.0,2048,32,8,16,1,4096,64,0,2048,False,AttentionBackend.PYTORCH_NATIVE
0.0,0.0,0.0,0.0,0.0,0.0,0.0,0.0,0.0,0.0,0.0,0.0,0.0,0.0,0.0,8.45186710357666,8.45186710357666,8.45186710357666,8.45186710357666,0.0,0.0,0.0,0.0,0.0,0.0,2048,32,8,16,1,4096,64,0,4096,False,AttentionBackend.PYTORCH_NATIVE
0.0,0.0,0.0,0.0,0.0,0.0,0.0,0.0,0.0,0.0,0.0,0.0,0.0,0.0,0.0,0.3045320510864258,0.3045320510864258,0.3045320510864258,0.3045320510864258,0.0,0.0,0.0,0.0,0.0,0.0,2048,32,8,16,1,4096,128,0,64,False,AttentionBackend.PYTORCH_NATIVE
0.0,0.0,0.0,0.0,0.0,0.0,0.0,0.0,0.0,0.0,0.0,0.0,0.0,0.0,0.0,0.6062030792236328,0.6062030792236328,0.6062030792236328,0.6062030792236328,0.0,0.0,0.0,0.0,0.0,0.0,2048,32,8,16,1,4096,128,0,128,False,AttentionBackend.PYTORCH_NATIVE
0.0,0.0,0.0,0.0,0.0,0.0,0.0,0.0,0.0,0.0,0.0,0.0,0.0,0.0,0.0,1.1759757995605469,1.1759757995605469,1.1759757995605469,1.1759757995605469,0.0,0.0,0.0,0.0,0.0,0.0,2048,32,8,16,1,4096,128,0,256,False,AttentionBackend.PYTORCH_NATIVE
0.0,0.0,0.0,0.0,0.0,0.0,0.0,0.0,0.0,0.0,0.0,0.0,0.0,0.0,0.0,2.1616697311401367,2.1616697311401367,2.1616697311401367,2.1616697311401367,0.0,0.0,0.0,0.0,0.0,0.0,2048,32,8,16,1,4096,128,0,512,False,AttentionBackend.PYTORCH_NATIVE
0.0,0.0,0.0,0.0,0.0,0.0,0.0,0.0,0.0,0.0,0.0,0.0,0.0,0.0,0.0,4.258084297180176,4.258084297180176,4.258084297180176,4.258084297180176,0.0,0.0,0.0,0.0,0.0,0.0,2048,32,8,16,1,4096,128,0,1024,False,AttentionBackend.PYTORCH_NATIVE
0.0,0.0,0.0,0.0,0.0,0.0,0.0,0.0,0.0,0.0,0.0,0.0,0.0,0.0,0.0,8.301472663879395,8.301472663879395,8.301472663879395,8.301472663879395,0.0,0.0,0.0,0.0,0.0,0.0,2048,32,8,16,1,4096,128,0,2048,False,AttentionBackend.PYTORCH_NATIVE
0.0,0.0,0.0,0.0,0.0,0.0,0.0,0.0,0.0,0.0,0.0,0.0,0.0,0.0,0.0,16.84110164642334,16.84110164642334,16.84110164642334,16.84110164642334,0.0,0.0,0.0,0.0,0.0,0.0,2048,32,8,16,1,4096,128,0,4096,False,AttentionBackend.PYTORCH_NATIVE
